level,name
80,東京大(文科一類)
79,東京大(文科二類)
79,東京大(文科三類)
78,京都大(文)
78,京都大(法)
77,京都大(経済-経済経営)
77,京都大(教育-教育科)
77,京都大(総合人間-総合人間)
76,一橋大(法)
75,一橋大(経済)
75,一橋大(商)
75,一橋大(社会)
75,大阪大(文)
75,大阪大(法)
75,国際教養大(国際教養)
74,大阪大(経済)
74,大阪大(人間科)
72,名古屋大(文)
72,名古屋大(法)
72,名古屋大(経済)
72,神戸大(法)
71,名古屋大(教育)
71,名古屋大(情報-人間・社会情報)
71,神戸大(文)
71,神戸大(経済)
71,神戸大(経営)
71,神戸大(国際人間科)
71,九州大(法)
70,筑波大(社会・国際学群)
70,筑波大(人間学群)
70,お茶の水女子大(文教育)
70,金沢大(文系一括入試)
69,北海道大(文)
69,北海道大(法)
69,東北大(法)
69,東京外国語大(言語文化)
69,横浜国立大(経済)
69,九州大(文)
69,九州大(教育)
69,九州大(共創)
68,北海道大(経済)
68,北海道大(教育)
68,北海道大(総合入試文系)
68,東北大(文)
68,東北大(経済)
68,東北大(教育)
68,筑波大(人文・文化学群)
68,千葉大(法政経)
68,千葉大(国際教養)
68,東京外国語大(国際社会)
68,東京外国語大(国際日本)
68,横浜国立大(経営)
68,大阪大(外国語)
68,首都大学東京(法)
68,首都大学東京(人文社会)
68,大阪市立大(文)
67,筑波大(体育専門学群)
67,千葉大(文)
67,九州大(経済)
67,名古屋市立大(経済)
67,京都府立大(文)
67,大阪市立大(法)
66,筑波大(情報学群-知識情報・図書館学類)
66,横浜国立大(都市科-都市社会共生)
66,奈良女子大(文)
66,広島大(文)
66,広島大(経済)
66,首都大学東京(経済経営)
66,名古屋市立大(人文社会)
66,大阪市立大(経済)
66,大阪市立大(商)
66,神戸市外国語大(外国語)
65,大阪府立大(現代システム科学域-マネジメント学類)
64,東京芸術大(音楽)
64,広島大(法)
64,広島大(総合科-総合科)
64,広島大(総合科-国際共創)
63,金沢大(人間社会学域)
63,信州大(人文)
63,岡山大(法)
63,岡山大(経済)
63,京都府立大(公共政策)
63,大阪府立大(現代システム科学域-環境システム学類)
63,福岡女子大(国際文理-国際教養)
62,筑波大(芸術専門学群)
62,埼玉大(経済)
62,東京学芸大(教育)
62,三重大(人文)
62,岡山大(文)
62,熊本大(文)
62,熊本大(法)
62,横浜市立大(国際商)
62,横浜市立大(国際教養)
61,埼玉大(教養)
61,広島大(教育)
61,新潟県立大(国際地域)
61,新潟県立大(人間生活-子ども)
61,愛知県立大(日本文化)
61,愛知県立大(教育福祉)
60,東京芸術大(美術)
60,新潟大(人文)
60,新潟大(法)
60,信州大(経法)
60,静岡大(人文社会科)
60,滋賀大(経済)
60,和歌山大(観光)
60,岡山大(教育)
60,長崎大(多文化社会)
60,高崎経済大(経済)
60,静岡県立大(経営情報)
60,静岡県立大(国際関係)
60,京都市立芸術大(美術)
60,神戸市外国語大(外国語２)
60,広島市立大(国際)
59,千葉大(教育)
59,新潟大(創生-創生学修)
59,富山大(人文)
59,富山大(経済)
59,福井大(国際地域)
59,岐阜大(教育)
59,岐阜大(地域科)
59,愛知教育大(教育)
59,和歌山大(経済)
59,広島大(医-保健)
59,群馬県立女子大(国際コミュニケーション)
59,首都大学東京(都市環境-都市政策科)
59,新潟県立大(国際経済)
59,都留文科大(文)
59,長野大(社会福祉)
59,愛知県立大(外国語)
59,兵庫県立大(国際商経)
59,北九州市立大(外国語)
58,小樽商科大(商)
58,宇都宮大(国際)
58,横浜国立大(教育)
58,新潟大(経済社会科)
58,静岡大(教育)
58,静岡大(情報-情報社会)
58,静岡大(地域創造学環)
58,香川大(法)
58,高知大(地域協働)
58,熊本大(教育)
58,鹿児島大(法文)
58,群馬県立女子大(文)
58,高崎経済大(地域政策)
58,都留文科大(教養)
58,京都市立芸術大(音楽)
58,兵庫県立大(環境人間)
58,兵庫県立大(社会情報科)
58,奈良県立大(地域創造)
58,岡山県立大(保健福祉)
58,県立広島大(地域創生)
58,北九州市立大(地域創生学群)
57,北海道教育大札幌校(教育)
57,岩手大(人文社会科)
57,山形大(人文社会科)
57,茨城大(人文社会科)
57,群馬大(社会情報)
57,富山大(人間発達科)
57,福井大(教育)
57,信州大(教育)
57,静岡大(情報-行動情報)
57,三重大(教育)
57,滋賀大(教育)
57,京都教育大(教育)
57,大阪教育大(教育)
57,和歌山大(教育)
57,岡山大(法夜)
57,山口大(人文)
57,山口大(経済)
57,山口大(国際総合科)
57,福井県立大(経済)
57,滋賀県立大(人間文化)
57,北九州市立大(文)
57,北九州市立大(法)
57,熊本県立大(文)
56,弘前大(人文社会科)
56,宮城教育大(教育)
56,埼玉大(教育)
56,新潟大(教育)
56,富山大(経済夜)
56,山梨大(教育)
56,兵庫教育大(学校教育)
56,奈良教育大(教育)
56,島根大(法文)
56,島根大(人間科)
56,香川大(経済)
56,香川大(教育)
56,香川大(医-臨床心理)
56,愛媛大(法文)
56,愛媛大(教育)
56,高知大(教育)
56,長崎大(教育)
56,金沢美術工芸大(美術工芸)
56,公立小松大(国際文化交流)
56,長野大(企業情報)
56,長野大(環境ツーリズム)
56,長野県立大(グローバルマネジメント)
56,長野県立大(健康発達)
56,静岡文化芸術大(文化政策)
56,静岡文化芸術大(デザイン)
56,福山市立大(教育)
56,高知県立大(文化)
56,長崎県立大(国際社会)
55,秋田大(教育文化)
55,山形大(地域教育文化)
55,茨城大(教育)
55,宇都宮大(共同教育)
55,群馬大(共同教育)
55,上越教育大(学校教育)
55,鳥取大(地域)
55,岡山大(経済夜)
55,山口大(教育)
55,徳島大(総合科)
55,愛媛大(社会共創)
55,高知大(人文社会科)
55,佐賀大(教育)
55,佐賀大(芸術地域デザイン)
55,長崎大(経済)
55,長崎大(環境科-環境科)
55,大分大(経済)
55,大分大(福祉健康科)
55,宮崎大(教育)
55,鹿児島大(教育)
55,長岡造形大(造形)
55,山梨県立大(国際政策)
55,山梨県立大(人間福祉)
55,尾道市立大(芸術文化)
54,岩手大(教育)
54,福島大(人文社会学群)
54,富山大(芸術文化)
54,広島大(法夜)
54,福岡教育大(教育)
54,佐賀大(経済)
54,大分大(教育)
54,宮崎大(地域資源創成)
54,岩手県立大(総合政策)
54,秋田公立美術大(美術)
54,愛知県立芸術大(美術)
54,愛知県立芸術大(音楽)
54,福知山公立大(地域経営)
54,島根県立大(総合政策)
54,島根県立大(人間文化)
54,尾道市立大(経済情報)
54,広島市立大(芸術)
54,山口県立大(国際文化)
54,高知工科大(経済・マネジメント学群)
54,熊本県立大(総合管理)
53,小樽商科大(商夜)
53,北海道教育大旭川校(教育)
53,弘前大(教育)
53,滋賀大(経済夜)
53,大阪教育大(教育夜)
53,島根大(教育)
53,広島大(経済夜)
53,鳴門教育大(学校教育)
53,愛媛大(法文夜)
53,鹿屋体育大(体育)
53,岩手県立大(社会福祉)
53,宮城大(事業構想学群)
53,新見公立大(健康科)
53,下関市立大(経済)
53,山口県立大(社会福祉)
53,高知県立大(社会福祉)
53,北九州市立大(経済)
53,福岡県立大(人間社会)
53,宮崎公立大(人文)
52,北海道教育大岩見沢校(教育)
52,北海道教育大釧路校(教育)
52,北海道教育大函館校(教育)
52,琉球大(人文社会)
52,琉球大(教育)
52,琉球大(国際地域創造)
52,札幌市立大(デザイン)
52,名寄市立大(保健福祉)
52,福山市立大(都市経営)
52,長崎県立大(経営)
52,長崎県立大(地域創造)
52,名桜大(国際学群)
51,名桜大(人間健康)
50,琉球大(国際地域創造夜)
50,青森公立大(経営経済)
49,公立鳥取環境大(経営)
48,釧路公立大(経済)
48,沖縄県立芸術大(音楽)
47,沖縄県立芸術大(美術工芸)
42,筑波技術大(産業技術)
78,東京大(理科三類)
77,京都大(医-医)
76,東京大(理科一類)
76,東京大(理科二類)
76,大阪大(医-医)
75,東京医科歯科大(医-医)
74,東北大(医-医)
74,千葉大(医-医)
74,名古屋大(医-医)
74,九州大(医-医)
73,北海道大(医-医)
73,北海道大(獣医)
73,筑波大(医学群-医学類)
73,新潟大(医-医)
73,金沢大(医薬保健学域-医学類)
73,岐阜大(医-医)
73,三重大(医-医)
73,京都大(理)
73,京都大(薬)
73,神戸大(医-医)
73,岡山大(医-医)
73,広島大(医-医)
73,熊本大(医-医)
73,横浜市立大(医-医)
73,名古屋市立大(医-医)
73,京都府立医科大(医-医)
73,大阪市立大(医-医)
73,奈良県立医科大(医-医)
73,和歌山県立医科大(医-医)
72,群馬大(医-医)
72,お茶の水女子大(生活科-心理)
72,富山大(医-医)
72,信州大(医-医)
72,浜松医科大(医-医)
72,滋賀医科大(医-医)
72,京都大(経済-経済経営)
72,京都大(教育-教育科)
72,京都大(総合人間-総合人間)
72,京都大(工)
72,京都大(農)
72,大阪大(薬)
72,徳島大(医-医)
72,愛媛大(医-医)
72,長崎大(医-医)
72,札幌医科大(医-医)
71,東京工業大(情報理工学院)
71,山口大(医-医)
71,鹿児島大(医-医)
71,名古屋市立大(薬)
70,旭川医科大(医-医)
70,北海道大(薬)
70,弘前大(医-医)
70,秋田大(医-医)
70,山形大(医-医)
70,お茶の水女子大(生活科-食物栄養)
70,お茶の水女子大(生活科-人間生活)
70,東京工業大(理学院)
70,東京工業大(工学院)
70,東京工業大(物質理工学院)
70,東京工業大(生命理工学院)
70,東京工業大(環境・社会理工学院)
70,福井大(医-医)
70,京都大(医-人間健康科)
70,鳥取大(医-医)
70,島根大(医-医)
70,香川大(医-医)
70,高知大(医-医)
70,佐賀大(医-医)
70,大分大(医-医)
70,宮崎大(医-医)
70,琉球大(医-医)
70,福島県立医科大(医-医)
69,北海道大(理)
69,北海道大(農)
69,東北大(薬)
69,九州大(薬)
68,北海道大(工)
68,千葉大(薬)
68,東京医科歯科大(歯)
68,名古屋大(情報-コンピュータ科)
68,大阪大(理)
68,大阪大(歯)
68,山口大(共同獣医)
68,鹿児島大(共同獣医)
67,東北大(理)
67,東北大(工)
67,名古屋大(理)
67,大阪大(工)
67,大阪大(基礎工)
67,広島大(薬)
67,大阪府立大(工学域)
66,東北大(農)
66,金沢大(理系一括入試)
66,名古屋大(情報-自然情報)
66,名古屋大(工)
66,名古屋大(農)
66,岡山大(薬)
66,九州大(歯)
66,岐阜薬科大(薬)
66,静岡県立大(薬)
66,市立山口東京理科大(薬)
65,北海道大(総合入試理系)
65,東北大(歯)
65,筑波大(情報学群-情報メディア創成学類)
65,筑波大(情報学群-情報科学類)
65,お茶の水女子大(理)
65,お茶の水女子大(生活科-人間・環境科)
65,横浜国立大(都市科-建築)
65,金沢大(医薬保健学域-薬・創薬科学類)
65,神戸大(工)
65,神戸大(農)
65,奈良女子大(生活環境-食物栄養)
65,奈良女子大(生活環境-心身健康)
65,岡山大(歯)
65,広島大(歯)
65,徳島大(薬)
65,九州大(医-生命科)
65,九州大(農)
65,熊本大(薬)
65,大阪市立大(生活科-人間福祉)
64,北海道大(歯)
64,筑波大(理工学群)
64,筑波大(医学群-医療科学類)
64,筑波大(生命環境学群)
64,東京医科歯科大(医-保健衛生)
64,東京農工大(農)
64,横浜国立大(都市科-都市基盤)
64,新潟大(歯)
64,富山大(薬)
64,神戸大(理)
64,神戸大(医-保健)
64,徳島大(歯)
64,九州大(理)
64,九州大(工)
64,長崎大(薬)
64,大阪市立大(生活科-食品栄養科)
64,九州歯科大(歯)
63,千葉大(工)
63,千葉大(看護)
63,横浜国立大(都市科-環境リスク共生)
63,横浜国立大(理工)
63,大阪大(医-保健)
63,奈良女子大(生活環境-住環境)
63,奈良女子大(生活環境-生活文化)
63,九州大(芸術工)
63,九州大(医-保健)
63,長崎大(歯)
62,千葉大(理)
62,東京農工大(工)
62,名古屋大(医-保健)
62,名古屋工業大(工)
62,鹿児島大(歯)
62,名古屋市立大(総合生命理)
62,大阪市立大(医-看護)
62,大阪市立大(生活科-居住環境)
61,北海道大(水産)
61,東北大(医-保健)
61,千葉大(園芸)
61,東京海洋大(海洋生命科)
61,東京海洋大(海洋資源環境)
61,首都大学東京(都市環境-建築)
61,首都大学東京(理)
61,首都大学東京(システムデザイン)
61,大阪市立大(工)
61,大阪府立大(生命環境科学域)
60,北海道大(医-保健)
60,筑波大(医学群-看護学類)
60,電気通信大(情報理工)
60,金沢大(理工学域)
60,金沢大(医薬保健学域-保健学類)
60,岐阜大(応用生物科)
60,京都工芸繊維大(工芸科)
60,神戸大(海事科)
60,岡山大(医-保健)
60,岡山大(農)
60,広島大(情報科)
60,広島大(理)
60,広島大(工)
60,広島大(生物生産)
60,熊本大(医-保健)
60,公立千歳科学技術大(理工)
60,首都大学東京(都市環境-都市基盤環境)
60,首都大学東京(都市環境-環境応用化)
60,首都大学東京(都市環境-観光科)
60,首都大学東京(都市環境-地理環境)
60,神奈川県立保健福祉大(保健福祉)
60,横浜市立大(データサイエンス)
60,横浜市立大(理)
60,愛知県立大(看護)
60,京都府立大(生命環境)
60,大阪市立大(理)
60,福岡女子大(国際文理-食・健康)
59,埼玉大(理)
59,信州大(医-保健)
59,岐阜大(工)
59,静岡大(工)
59,静岡大(農)
59,奈良女子大(生活環境-情報衣環境)
59,岡山大(工)
59,広島大(医-保健)
59,山口大(医-保健)
59,徳島大(医-医科栄養)
59,長崎大(医-保健)
59,新潟県立大(人間生活-健康栄養)
59,京都府立医科大(医-看護)
59,大阪府立大(現代システム科学域-知識情報システム学類)
59,大阪府立大(地域保健学域)
59,兵庫県立大(理)
58,新潟大(理)
58,新潟大(医-保健)
58,新潟大(農)
58,岐阜大(医-看護)
58,静岡大(情報-情報科)
58,滋賀大(データサイエンス)
58,滋賀医科大(医-看護)
58,奈良女子大(理)
58,岡山大(理)
58,徳島大(医-保健)
58,長崎大(水産)
58,熊本大(理)
58,札幌医科大(保健医療)
58,首都大学東京(健康福祉)
58,横浜市立大(医-看護)
58,静岡県立大(食品栄養科)
58,名古屋市立大(看護)
58,神戸市看護大(看護)
58,兵庫県立大(看護)
57,旭川医科大(医-看護)
57,岩手大(農)
57,群馬大(医-保健)
57,埼玉大(工)
57,静岡大(理)
57,浜松医科大(医-看護)
57,三重大(生物資源)
57,鳥取大(医-生命科)
57,鳥取大(医-保健)
57,岡山大(環境理工)
57,高知大(医-看護)
57,九州工業大(工)
57,大分大(医-看護)
57,宮崎大(医-看護)
57,鹿児島大(医-保健)
57,札幌市立大(看護)
57,千葉県立保健医療大(健康科)
57,富山県立大(看護)
57,岐阜県立看護大(看護)
57,名古屋市立大(芸術工)
57,三重県立看護大(看護)
57,奈良県立医科大(医-看護)
57,県立広島大(保健福祉)
57,福岡女子大(国際文理-環境科)
56,弘前大(医-保健)
56,山形大(医-看護)
56,茨城大(理)
56,宇都宮大(地域デザイン科)
56,宇都宮大(農)
56,東京海洋大(海洋工)
56,新潟大(工)
56,富山大(理)
56,富山大(医-看護)
56,福井大(医-看護)
56,山梨大(医-看護)
56,信州大(理)
56,信州大(工)
56,信州大(繊維)
56,信州大(農)
56,三重大(工)
56,三重大(医-看護)
56,九州工業大(情報工)
56,佐賀大(医-看護)
56,熊本大(工)
56,茨城県立医療大(保健医療)
56,群馬県立県民健康科学大(診療放射線)
56,埼玉県立大(保健医療福祉)
56,石川県立看護大(看護)
56,山梨県立大(看護)
56,静岡県立大(看護)
56,和歌山県立医科大(保健看護)
56,県立広島大(生物資源科)
56,山口県立大(看護栄養)
56,香川県立保健医療大(保健医療)
56,福岡県立大(看護)
55,帯広畜産大(畜産)
55,秋田大(医-保健)
55,茨城大(農)
55,宇都宮大(工)
55,富山大(工)
55,富山大(都市デザイン)
55,福井大(工)
55,山梨大(生命環境)
55,豊橋技術科学大(工)
55,和歌山大(システム工)
55,鳥取大(農)
55,島根大(医-看護)
55,島根大(生物資源科)
55,山口大(農)
55,愛媛大(医-看護)
55,高知大(農林海洋科)
55,佐賀大(農)
55,宮崎大(農)
55,鹿児島大(農)
55,鹿児島大(水産)
55,琉球大(医-保健)
55,青森県立保健大(健康科)
55,山形県立米沢栄養大(健康栄養)
55,山形県立保健医療大(保健医療)
55,福島県立医科大(看護)
55,群馬県立県民健康科学大(看護)
55,石川県立大(生物資源環境)
55,公立小松大(保健医療)
55,敦賀市立看護大(看護)
55,福井県立大(看護福祉)
55,福井県立大(生物資源)
55,福井県立大(海洋生物資源)
55,愛知県立大(情報科)
55,滋賀県立大(環境科)
55,滋賀県立大(人間看護)
55,島根県立大(看護栄養)
55,岡山県立大(デザイン)
55,高知県立大(看護)
55,長崎県立大(看護栄養)
55,大分県立看護科学大(看護)
55,宮崎県立看護大(看護)
54,弘前大(農学生命科)
54,岩手大(理工)
54,山形大(理)
54,山形大(農)
54,福島大(農学群)
54,群馬大(理工)
54,香川大(医-看護)
54,愛媛大(農)
54,高知大(理工)
54,鹿児島大(理)
54,岩手県立大(看護)
54,宮城大(看護学群)
54,長野県看護大(看護)
54,兵庫県立大(工)
54,愛媛県立医療技術大(保健科)
54,高知県立大(健康栄養)
54,熊本県立大(環境共生)
53,弘前大(理工)
53,秋田大(理工)
53,山形大(工)
53,福島大(理工学群)
53,茨城大(工)
53,山梨大(工)
53,鳥取大(工)
53,山口大(理)
53,愛媛大(理)
53,愛媛大(工)
53,佐賀大(理工)
53,鹿児島大(工)
53,公立はこだて未来大(システム情報科)
53,岩手県立大(ソフトウェア情報)
53,秋田県立大(生物資源科)
53,会津大(コンピュータ理工)
53,前橋工科大(工)
53,新潟県立看護大(看護)
53,富山県立大(工)
53,滋賀県立大(工)
53,公立鳥取環境大(環境)
52,山形大(工フレックス)
52,長岡技術科学大(工)
52,島根大(総合理工)
52,山口大(工)
52,徳島大(理工)
52,徳島大(生物資源産業)
52,香川大(農)
52,長崎大(工)
52,大分大(理工)
52,琉球大(農)
52,宮城大(食産業学群)
52,福知山公立大(情報)
52,広島市立大(情報科)
52,市立山口東京理科大(工)
52,北九州市立大(国際環境工)
52,長崎県立大(情報システム)
52,沖縄県立看護大(看護)
51,秋田大(国際資源)
51,名古屋工業大(工二)
51,香川大(創造工)
51,宮崎大(工)
51,前橋工科大(工夜)
51,公立小松大(生産システム科)
51,公立諏訪東京理科大(工)
51,岡山県立大(情報工)
51,高知工科大(環境理工学群)
50,室蘭工業大(理工)
50,茨城大(工フレックス)
50,徳島大(理工夜)
50,琉球大(理)
50,秋田県立大(システム科学技術)
50,高知工科大(情報学群)
50,高知工科大(システム工学群)
49,北見工業大(工)
48,琉球大(工)
47,室蘭工業大(理工夜)
46,筑波技術大(保健科)
82,慶応義塾大(法)
82,慶応義塾大(法)
81,慶応義塾大(経済)
81,慶応義塾大(経済)
80,慶応義塾大(文)
80,慶応義塾大(文)
80,慶応義塾大(総合政策)
80,早稲田大(法)
80,早稲田大(政治経済)
80,早稲田大(商)
80,早稲田大(国際教養)
79,慶応義塾大(商)
79,慶応義塾大(商)
79,早稲田大(社会科)
78,上智大(国際教養)
78,早稲田大(文)
78,早稲田大(文化構想)
76,上智大(法)
76,同志社大(グローバル・コミュニケーション)
75,立教大(異文化コミュニケーション)
75,関西学院大(国際)
74,国際基督教大(教養)
74,上智大(総合グローバル)
74,中央大(法)
74,明治大(法)
74,立教大(経営)
74,早稲田大(教育)
74,同志社大(法)
74,同志社大(経済)
74,立命館大(国際関係)
73,上智大(外国語)
73,法政大(グローバル教養)
73,明治大(国際日本)
73,早稲田大(人間科-健康福祉科)
73,同志社大(心理)
73,同志社大(グローバル地域文化)
73,同志社大(商)
72,青山学院大(総合文化政策)
72,上智大(文)
72,上智大(経済)
72,上智大(総合人間科)
72,明治大(政治経済)
72,明治大(経営)
72,立教大(社会)
72,同志社大(文)
72,同志社大(政策)
72,同志社大(社会)
71,青山学院大(文)
71,青山学院大(国際政治経済)
71,法政大(国際文化)
71,明治大(文)
71,明治大(商)
71,立教大(法)
71,立教大(経済)
71,南山大(国際教養)
71,同志社大(文化情報-文化情報)
71,立命館大(グローバル教養)
71,関西大(外国語)
70,青山学院大(法)
70,青山学院大(経営)
70,青山学院大(教育人間科)
70,青山学院大(地球社会共生)
70,学習院大(法)
70,学習院大(国際社会科)
70,中央大(総合政策)
70,津田塾大(総合政策)
70,法政大(経営)
70,明治大(情報コミュニケーション)
70,立教大(文)
70,立教大(現代心理)
70,立教大(観光)
70,早稲田大(スポーツ科)
70,南山大(法)
70,同志社大(神)
70,立命館大(文)
70,立命館大(総合心理)
70,立命館大(法)
70,立命館大(経済)
70,立命館大(経営)
70,立命館大(食マネジメント)
70,関西大(文)
70,関西大(法)
70,関西学院大(法)
70,関西学院大(経済)
70,関西学院大(商)
70,関西学院大(社会)
69,青山学院大(経済)
69,学習院大(文)
69,学習院大(経済)
69,中央大(経済)
69,中央大(商)
69,中央大(国際経営)
69,中央大(国際情報)
69,法政大(文)
69,法政大(法)
69,法政大(経済)
69,南山大(人文)
69,南山大(外国語)
69,名古屋学芸大(管理栄養)
69,京都女子大(家政)
69,関西大(経済)
69,関西大(商)
69,関西大(社会)
69,関西学院大(文)
69,関西学院大(教育)
69,武庫川女子大(食物栄養科)
68,青山学院大(社会情報)
68,青山学院大(コミュニティ人間科)
68,成蹊大(経済)
68,成蹊大(経営)
68,中央大(文)
68,東京理科大(経営)
68,日本女子大(家政-家政経済)
68,日本女子大(家政-住居)
68,法政大(社会)
68,法政大(人間環境)
68,法政大(スポーツ健康)
68,武蔵大(社会)
68,明治学院大(国際)
68,立教大(コミュニティ福祉)
68,中京大(心理)
68,同志社大(スポーツ健康科)
68,立命館大(政策科)
68,立命館大(産業社会)
68,関西大(政策創造)
68,関西学院大(総合政策)
68,武庫川女子大(教育)
67,獨協大(外国語)
67,獨協大(国際教養)
67,文教大(教育)
67,成蹊大(文)
67,成蹊大(法)
67,日本女子大(家政-児童)
67,法政大(キャリアデザイン)
67,武蔵大(人文)
67,武蔵大(経済)
67,明治学院大(心理)
67,明治学院大(心理)
67,中京大(文)
67,南山大(経済)
67,近畿大(国際)
67,関西学院大(人間福祉)
67,武庫川女子大(経営)
66,国学院大(文)
66,成城大(法)
66,津田塾大(学芸)
66,日本女子大(文)
66,日本女子大(家政-被服)
66,法政大(現代福祉)
66,中京大(総合政策)
66,中京大(国際)
66,名古屋外国語大(現代国際)
66,南山大(総合政策)
66,南山大(経営)
66,京都女子大(法)
66,同志社女子大(現代社会)
66,立命館大(スポーツ健康科)
66,立命館大(映像)
66,龍谷大(文)
66,関西大(社会安全)
66,関西外国語大(英語キャリア)
66,近畿大(法)
66,近畿大(経済)
66,近畿大(総合社会)
66,西南学院大(外国語)
66,西南学院大(国際文化)
66,立命館アジア太平洋大(国際経営)
66,立命館アジア太平洋大(アジア太平洋)
65,国学院大(法)
65,国学院大(経済)
65,国学院大(人間開発)
65,成城大(経済)
65,成城大(社会イノベーション)
65,専修大(人間科)
65,創価大(国際教養)
65,東京女子大(現代教養)
65,東洋大(国際観光)
65,東洋大(国際)
65,二松学舎大(文)
65,日本大(法)
65,日本女子大(人間社会)
65,日本女子大(人間社会)
65,武蔵野大(教育)
65,明治学院大(経済)
65,明治学院大(経済)
65,立正大(心理)
65,愛知大(国際コミュニケーション)
65,愛知淑徳大(心理)
65,中京大(法)
65,中京大(経営)
65,名古屋外国語大(世界共生)
65,名古屋学芸大(ヒューマンケア)
65,京都女子大(文)
65,京都女子大(現代社会)
65,京都女子大(発達教育)
65,龍谷大(国際)
65,関西大(人間健康)
64,駒澤大(文)
64,駒澤大(法)
64,駒澤大(経済)
64,駒澤大(グローバル・メディア・スタディ)
64,昭和女子大(国際)
64,昭和女子大(生活科)
64,成城大(文芸)
64,専修大(法)
64,玉川大(教育)
64,東洋大(文)
64,明治学院大(文)
64,明治学院大(文)
64,明治学院大(法)
64,明治学院大(法)
64,明治学院大(社会)
64,明治学院大(社会)
64,明星大(教育)
64,学習院女子大(国際文化交流)
64,愛知淑徳大(文)
64,中京大(経済)
64,同志社女子大(生活科-人間生活)
64,佛教大(教育)
64,龍谷大(法)
64,関西外国語大(外国語)
64,近畿大(経営)
64,甲南大(文)
64,甲南大(経済)
64,甲南大(経営)
63,駒澤大(経営)
63,順天堂大(スポーツ健康科)
63,昭和女子大(グローバルビジネス)
63,昭和女子大(人間社会)
63,昭和女子大(環境デザイン)
63,専修大(文)
63,東洋大(経済)
63,東洋大(経営)
63,日本大(経済)
63,日本大(商)
63,日本大(文理)
63,岐阜聖徳学園大(教育)
63,愛知大(法)
63,愛知淑徳大(福祉貢献)
63,椙山女学園大(生活科)
63,名古屋外国語大(外国語)
63,名古屋外国語大(世界教養)
63,同志社女子大(表象文化)
63,龍谷大(政策)
63,龍谷大(経済)
63,龍谷大(経営)
63,関西学院大(神)
63,西南学院大(法)
63,西南学院大(経済)
62,国士舘大(政経)
62,昭和女子大(人間文化)
62,聖心女子大(現代教養)
62,専修大(経営)
62,東洋大(法)
62,東洋大(社会)
62,武蔵野大(グローバル)
62,武蔵野美術大(造形構想)
62,愛知大(経済)
62,京都外国語大(国際貢献)
62,同志社女子大(学芸)
62,佛教大(歴史)
62,近畿大(文芸)
62,神戸女子大(家政)
62,武庫川女子大(文)
62,武庫川女子大(生活環境)
62,畿央大(教育)
62,畿央大(健康科)
62,西南学院大(商)
62,西南学院大(人間科)
61,天使大(看護栄養)
61,獨協大(法)
61,獨協大(経済)
61,上智大(神)
61,女子栄養大(栄養)
61,専修大(経済)
61,東京家政大(家政)
61,日本大(国際関係)
61,武蔵野大(文)
61,武蔵野大(人間科)
61,神奈川大(人間科)
61,愛知大(文)
61,愛知淑徳大(グローバル・コミュニケーション)
61,椙山女学園大(教育)
61,中京大(現代社会)
61,中京大(スポーツ科)
61,名城大(外国語)
61,名城大(経済)
61,大阪経済大(経済)
61,関西外国語大(英語国際)
61,武庫川女子大(健康・スポーツ科)
60,文教大(文)
60,共立女子大(国際)
60,国学院大(神道文化)
60,順天堂大(国際教養)
60,専修大(商)
60,専修大(国際コミュニケーション)
60,東京家政大(子ども)
60,東洋大(ライフデザイン-健康スポーツ)
60,日本大(危機管理)
60,立正大(文)
60,愛知大(経営)
60,愛知淑徳大(交流文化)
60,金城学院大(人間科)
60,金城学院大(生活環境)
60,名城大(経営)
60,皇学館大(教育)
60,京都産業大(国際関係)
60,京都橘大(発達教育)
60,龍谷大(社会)
60,甲南大(法)
60,甲南大(マネジメント創造)
60,神戸女学院大(文)
60,神戸女学院大(人間科)
60,中村学園大(栄養科-栄養科)
60,福岡大(人文)
59,大妻女子大(文)
59,大妻女子大(家政)
59,共立女子大(文芸)
59,駒沢女子大(人間健康)
59,清泉女子大(文)
59,専修大(ネットワーク情報-ネットワーク情報)
59,帝京大(教育)
59,東海大(観光)
59,東海大(観光)
59,武蔵野美術大(造形)
59,立正大(経済)
59,立正大(経営)
59,神奈川大(国際日本)
59,鎌倉女子大(家政)
59,愛知淑徳大(ビジネス)
59,椙山女学園大(国際コミュニケーション)
59,名城大(法)
59,名城大(人間)
59,京都産業大(外国語)
59,大阪経済大(経営)
59,大阪経済大(人間科)
59,大和大(政治経済)
59,ノートルダム清心女子大(文)
59,松山大(人文)
58,北星学園大(文)
58,東北学院大(文)
58,東北福祉大(教育)
58,文教大(国際)
58,文教大(国際)
58,文教大(人間科)
58,亜細亜大(国際関係)
58,大妻女子大(比較文化)
58,共立女子大(家政)
58,国士舘大(経営)
58,実践女子大(人間社会)
58,玉川大(文)
58,東海大(文)
58,東京家政大(人文)
58,東京経済大(経済)
58,東京経済大(経営)
58,東洋大(ライフデザイン-生活支援)
58,日本大(スポーツ科)
58,武蔵野大(法)
58,武蔵野大(経済)
58,武蔵野大(経営)
58,立正大(法)
58,神奈川大(外国語)
58,神奈川大(法)
58,神奈川大(経済)
58,産業能率大(経営)
58,金城学院大(文)
58,椙山女学園大(文化情報)
58,東海学園大(健康栄養)
58,名古屋学芸大(メディア造形)
58,京都産業大(文化)
58,京都産業大(経済)
58,京都産業大(経営)
58,京都産業大(現代社会)
58,大阪経済大(情報社会)
58,大阪樟蔭女子大(健康栄養)
58,四天王寺大(教育)
58,ノートルダム清心女子大(人間生活)
58,安田女子大(教育)
58,松山大(法)
58,松山大(経済)
57,東北学院大(教養)
57,東北福祉大(総合福祉)
57,共愛学園前橋国際大(国際社会)
57,神田外語大(外国語)
57,大妻女子大(社会情報)
57,大妻女子大(人間関係)
57,共立女子大(ビジネス)
57,国士舘大(文)
57,国士舘大(２１世紀アジア)
57,実践女子大(生活科)
57,創価大(文)
57,創価大(経済)
57,創価大(教育)
57,大正大(文)
57,大正大(心理社会)
57,帝京大(文)
57,東海大(政治経済)
57,東海大(教養-国際)
57,二松学舎大(国際政治経済)
57,日本大(芸術)
57,日本体育大(体育)
57,日本体育大(体育)
57,神奈川大(経営)
57,相模女子大(栄養科)
57,朝日大(保健医療)
57,常葉大(教育)
57,愛知大(現代中国)
57,愛知淑徳大(人間情報)
57,椙山女学園大(現代マネジメント)
57,椙山女学園大(人間関係)
57,名古屋女子大(文)
57,京都産業大(法)
57,京都橘大(国際英語)
57,追手門学院大(心理)
57,大和大(教育)
57,就実大(経営)
57,広島文教大(教育)
57,中村学園大(教育)
57,福岡大(法)
57,福岡大(経済)
57,福岡大(商)
56,北海学園大(人文)
56,北海学園大(法)
56,東北芸術工科大(デザイン工)
56,跡見学園女子大(心理)
56,跡見学園女子大(心理)
56,文教大(経営)
56,文教大(経営)
56,文教大(健康栄養)
56,白百合女子大(文)
56,白百合女子大(人間総合)
56,創価大(法)
56,創価大(経営)
56,大東文化大(経営)
56,大東文化大(経営)
56,拓殖大(政経)
56,拓殖大(国際)
56,玉川大(観光)
56,玉川大(リベラルアーツ)
56,玉川大(芸術)
56,多摩美術大(美術)
56,東海大(法)
56,東海大(教養-人間環境)
56,東海大(体育)
56,東海大(健康)
56,東京経済大(現代法)
56,東京経済大(コミュニケーション)
56,東洋大(経営イブニング)
56,東洋大(ライフデザイン-人間環境デザイン)
56,日本社会事業大(社会福祉)
56,東京都市大(都市生活)
56,東京都市大(メディア情報-社会メディア)
56,明星大(心理)
56,関東学院大(教育)
56,フェリス女学院大(文)
56,フェリス女学院大(国際交流)
56,仁愛大(人間生活)
56,愛知大(地域政策)
56,愛知学院大(経営)
56,愛知淑徳大(創造表現)
56,金城学院大(国際情報)
56,中部大(現代教育)
56,名城大(都市情報)
56,大谷大(教育)
56,京都橘大(文)
56,京都橘大(現代ビジネス)
56,摂南大(外国語)
56,摂南大(法)
56,摂南大(経済)
56,摂南大(経営)
56,神戸学院大(心理)
56,神戸学院大(グローバル・コミュニケーション)
56,神戸女子大(文)
56,就実大(教育)
56,広島修道大(健康科)
56,安田女子大(心理)
56,松山大(経営)
56,西南学院大(神)
55,北海学園大(経営)
55,東北学院大(法)
55,東北学院大(経済)
55,東北学院大(経営)
55,東北芸術工科大(芸術)
55,茨城キリスト教大(経営)
55,国際医療福祉大(赤坂心理・医療福祉マネジメント)
55,白鷗大(教育)
55,文教大(情報)
55,秀明大(学校教師)
55,亜細亜大(法)
55,亜細亜大(経済)
55,桜美林大(グローバル・コミュニケーション)
55,桜美林大(リベラルアーツ学群)
55,駒澤大(仏教)
55,実践女子大(文)
55,大正大(表現)
55,大東文化大(文)
55,大東文化大(文)
55,大東文化大(法)
55,大東文化大(法)
55,大東文化大(経済)
55,大東文化大(経済)
55,大東文化大(社会)
55,大東文化大(社会)
55,大東文化大(国際関係)
55,玉川大(経営)
55,帝京大(外国語)
55,東海大(文化社会)
55,東京家政学院大(人間栄養)
55,東京経済大(キャリアデザインプログラム)
55,東洋大(経済イブニング)
55,東京都市大(人間科)
55,関東学院大(栄養)
55,産業能率大(情報マネジメント)
55,山梨学院大(健康栄養)
55,愛知学院大(心身科)
55,愛知学院大(法)
55,愛知学院大(総合政策)
55,愛知学院大(経済)
55,愛知学院大(商)
55,名古屋学院大(外国語)
55,名古屋学院大(経済)
55,日本福祉大(スポーツ科)
55,桜花学園大(保育)
55,京都外国語大(外国語)
55,佛教大(文)
55,佛教大(社会)
55,京都文教大(こども教育)
55,京都美術工芸大(工芸)
55,阪南大(国際観光)
55,阪南大(国際コミュニケーション)
55,神戸学院大(法)
55,神戸学院大(経済)
55,神戸学院大(経営)
55,神戸女子大(健康福祉)
55,関西福祉大(教育)
55,帝塚山大(心理)
55,岡山商科大(法)
55,岡山商科大(経済)
55,就実大(人文科)
55,広島修道大(人文)
55,広島修道大(商)
55,広島修道大(国際コミュニティ)
55,安田女子大(現代ビジネス)
55,福岡大(スポーツ科)
54,北海学園大(経済)
54,宮城学院女子大(現代ビジネス)
54,尚絅学院大(健康栄養学群)
54,茨城キリスト教大(文)
54,白鷗大(法)
54,跡見学園女子大(文)
54,跡見学園女子大(文)
54,跡見学園女子大(観光コミュニティ)
54,跡見学園女子大(観光コミュニティ)
54,淑徳大(人文)
54,亜細亜大(経営)
54,桜美林大(ビジネスマネジメント学群)
54,杏林大(総合政策)
54,国士舘大(法)
54,国士舘大(体育)
54,大正大(地域創生)
54,拓殖大(商)
54,帝京大(法)
54,帝京大(経済)
54,帝京大(経済)
54,東海大(教養-芸術)
54,東洋大(文イブニング)
54,東洋大(法イブニング)
54,東洋大(社会イブニング)
54,東洋大(国際イブニング)
54,日本大(法二)
54,立正大(社会福祉)
54,東京医療保健大(医療保健)
54,関東学院大(経済)
54,関東学院大(社会)
54,新潟国際情報大(経営情報)
54,新潟国際情報大(国際)
54,新潟医療福祉大(健康科)
54,常葉大(保育)
54,愛知学院大(文)
54,至学館大(健康科)
54,中部大(人文)
54,中部大(経営情報)
54,名古屋学院大(法)
54,京都精華大(デザイン)
54,京都文教大(臨床心理)
54,追手門学院大(地域創造)
54,大阪経済法科大(法)
54,大阪工業大(知的財産)
54,大阪体育大(教育)
54,桃山学院大(法)
54,桃山学院大(社会)
54,大阪総合保育大(児童保育)
54,甲南女子大(文)
54,甲南女子大(人間科)
54,神戸学院大(現代社会)
54,帝塚山大(教育)
54,岡山理科大(教育)
54,広島修道大(法)
54,広島修道大(経済科)
54,中村学園大(流通科)
54,九州栄養福祉大(食物栄養)
54,九州ルーテル学院大(人文)
53,藤女子大(文)
53,北星学園大(経済)
53,宮城学院女子大(教育)
53,医療創生大(心理)
53,白鷗大(経営)
53,高崎健康福祉大(健康福祉)
53,高崎健康福祉大(人間発達)
53,群馬医療福祉大(社会福祉)
53,跡見学園女子大(マネジメント)
53,跡見学園女子大(マネジメント)
53,城西大(経済)
53,城西大(経営)
53,共栄大(教育)
53,東都大(管理栄養)
53,淑徳大(看護栄養)
53,千葉工業大(社会システム科)
53,麗澤大(外国語)
53,亜細亜大(都市創造)
53,駒澤大(法フレックスＢ)
53,駒沢女子大(人間総合学群)
53,大東文化大(外国語)
53,大東文化大(外国語)
53,大東文化大(スポーツ・健康科)
53,拓殖大(外国語)
53,東京造形大(造形)
53,日本女子体育大(体育)
53,日本体育大(児童スポーツ教育)
53,明星大(経済)
53,明星大(経営)
53,白梅学園大(子ども)
53,東京未来大(こども心理)
53,鎌倉女子大(教育)
53,鎌倉女子大(児童)
53,関東学院大(法)
53,関東学院大(経営)
53,東洋英和女学院大(国際社会)
53,フェリス女学院大(音楽)
53,新潟青陵大(福祉心理)
53,金沢星稜大(人文)
53,金沢星稜大(経済)
53,常葉大(経営)
53,名古屋学院大(国際文化)
53,日本福祉大(教育・心理)
53,京都造形芸術大(芸術)
53,追手門学院大(経済)
53,大阪経済法科大(経済)
53,大阪経済法科大(経営)
53,大阪体育大(体育)
53,近畿大(産業理工-経営ビジネス)
53,阪南大(流通)
53,桃山学院大(経済)
53,桃山学院大(経営)
53,桃山学院大(国際教養)
53,神戸学院大(人文)
53,帝塚山大(文)
53,天理大(体育)
53,岡山理科大(経営)
53,美作大(生活科)
53,安田女子大(文)
52,札幌保健医療大(保健医療)
52,宮城学院女子大(生活科)
52,茨城キリスト教大(生活科)
52,東京福祉大(心理)
52,東京福祉大(心理)
52,東京福祉大(心理)
52,城西大(現代政策)
52,目白大(経営)
52,十文字学園女子大(教育人文)
52,共栄大(国際経営)
52,淑徳大(教育)
52,千葉商科大(サービス創造)
52,千葉商科大(国際教養)
52,桜美林大(健康福祉学群)
52,桜美林大(芸術文化学群)
52,杏林大(外国語)
52,東海大(経営)
52,日本体育大(スポーツマネジメント)
52,明星大(人文)
52,関東学院大(国際文化)
52,金沢星稜大(人間科)
52,帝京科学大(教育人間科)
52,帝京科学大(教育人間科)
52,松本大(人間健康)
52,常葉大(社会環境)
52,東海学園大(人文)
52,名古屋学院大(商)
52,名古屋学院大(現代社会)
52,名古屋学院大(スポーツ健康)
52,名古屋女子大(家政)
52,日本福祉大(社会福祉)
52,京都光華女子大(健康科)
52,佛教大(社会福祉)
52,京都文教大(総合社会)
52,追手門学院大(社会)
52,大阪経済法科大(国際)
52,大阪国際大(国際教養)
52,大阪産業大(経済)
52,大阪商業大(経済)
52,大阪電気通信大(総合情報-ゲーム＆メディア)
52,大阪大谷大(教育)
52,阪南大(経済)
52,阪南大(経営情報)
52,甲南女子大(国際)
52,園田学園女子大(人間健康)
52,神戸常盤大(教育)
52,和歌山信愛大(教育)
52,安田女子大(家政)
51,北星学園大(社会福祉)
51,東北福祉大(総合マネジメント)
51,流通経済大(経済)
51,流通経済大(経済)
51,国際医療福祉大(医療福祉)
51,桐生大(医療保健)
51,文京学院大(外国語)
51,文京学院大(外国語)
51,目白大(心理)
51,目白大(メディア)
51,十文字学園女子大(人間生活)
51,人間総合科学大(人間科-健康栄養)
51,聖徳大(人間栄養)
51,千葉商科大(商経)
51,帝京平成大(現代ライフ)
51,東京成徳大(子ども)
51,日本体育大(スポーツ文化)
51,デジタルハリウッド大(デジタルコミュニケーション)
51,関東学院大(人間共生)
51,東洋英和女学院大(人間科)
51,新潟医療福祉大(医療経営管理)
51,新潟医療福祉大(社会福祉)
51,富山国際大(子ども育成)
51,金沢工業大(情報フロンティア)
51,山梨学院大(スポーツ科)
51,常葉大(外国語)
51,中部大(国際関係)
51,東海学園大(心理)
51,東海学園大(教育)
51,東海学園大(スポーツ健康科)
51,大谷大(文)
51,大谷大(社会)
51,京都先端科学大(人文)
51,追手門学院大(経営)
51,大阪経済大(経営２)
51,大阪産業大(経営)
51,大阪商業大(公共)
51,大阪商業大(総合経営)
51,大阪電気通信大(総合情報-デジタルゲーム)
51,大阪大谷大(文)
51,桃山学院教育大(教育)
51,大阪成蹊大(教育)
51,大手前大(健康栄養)
51,奈良大(文)
51,奈良学園大(人間教育)
51,くらしき作陽大(子ども教育)
51,比治山大(健康栄養)
51,広島修道大(人間環境)
51,山口学芸大(教育)
51,久留米大(経済)
51,福岡女学院大(国際キャリア)
51,西九州大(健康栄養)
51,沖縄国際大(法)
50,札幌学院大(心理)
50,藤女子大(人間生活)
50,北海学園大(経営２)
50,北海道医療大(心理科)
50,盛岡大(文)
50,盛岡大(栄養科)
50,宮城学院女子大(学芸)
50,尚絅学院大(心理・教育学群)
50,秋田看護福祉大(看護福祉)
50,駿河台大(心理)
50,東京国際大(言語コミュニケーション)
50,淑徳大(総合福祉)
50,聖徳大(児童)
50,千葉商科大(人間社会)
50,麗澤大(国際)
50,和洋女子大(人文)
50,和洋女子大(国際)
50,開智国際大(国際教養)
50,女子美術大(芸術)
50,女子美術大(芸術)
50,大正大(社会共生)
50,東京家政学院大(現代生活)
50,東京工科大(デザイン)
50,ルーテル学院大(総合人間)
50,明星大(デザイン)
50,立正大(仏教)
50,東京未来大(モチベーション行動科)
50,桐蔭横浜大(スポーツ健康政策)
50,東京工芸大(芸術)
50,山梨学院大(経営)
50,松本大(教育)
50,常葉大(法)
50,常葉大(健康プロデュース)
50,常葉大(造形)
50,愛知工業大(経営)
50,名古屋芸術大(人間発達)
50,名古屋文理大(健康生活)
50,京都先端科学大(経済経営)
50,京都精華大(芸術)
50,京都精華大(ポピュラーカルチャー)
50,追手門学院大(国際教養)
50,大阪国際大(人間科)
50,大阪産業大(スポーツ健康)
50,大阪樟蔭女子大(児童教育)
50,大阪大谷大(人間社会)
50,四天王寺大(人文社会)
50,関西福祉科学大(教育)
50,甲子園大(栄養-栄養)
50,神戸松蔭女子学院大(教育)
50,神戸親和女子大(発達教育)
50,帝塚山大(現代生活)
50,川崎医療福祉大(医療福祉)
50,広島女学院大(人間生活)
50,広島国際大(健康科)
50,九州産業大(国際文化)
50,九州女子大(家政)
50,久留米大(文)
50,久留米大(商)
50,西南女学院大(保健福祉)
50,筑紫女学園大(現代社会)
50,福岡大(商二)
50,活水女子大(健康生活)
50,長崎純心大(人文)
50,尚絅大(生活科)
50,別府大(食物栄養科-食物栄養)
49,北海学園大(人文２)
49,青森中央学院大(経営法)
49,東北工業大(ライフデザイン-生活デザイン)
49,東北公益文科大(公益)
49,郡山女子大(家政-食物栄養)
49,常磐大(人間科)
49,流通経済大(社会)
49,流通経済大(社会)
49,流通経済大(スポーツ健康科)
49,東京福祉大(教育)
49,東京福祉大(教育)
49,東京福祉大(教育)
49,東京福祉大(保育児童)
49,東京福祉大(保育児童)
49,高崎商科大(商)
49,育英大(教育)
49,駿河台大(法)
49,駿河台大(経済経営)
49,東京国際大(国際関係)
49,文京学院大(経営)
49,文京学院大(経営)
49,目白大(外国語)
49,目白大(人間)
49,埼玉学園大(人間)
49,川村学園女子大(教育)
49,淑徳大(経営)
49,城西国際大(経営情報)
49,城西国際大(経営情報)
49,城西国際大(国際人文)
49,城西国際大(メディア)
49,城西国際大(メディア)
49,中央学院大(法)
49,東京成徳大(応用心理)
49,和洋女子大(家政)
49,国立音楽大(音楽)
49,国学院大(神道文化フレックスＡ)
49,多摩大(経営情報)
49,東海大(国際文化)
49,桐朋学園大(音楽)
49,文化学園大(服装)
49,鶴見大(文)
49,山梨学院大(法)
49,松本大(総合経営)
49,愛知学泉大(家政)
49,東海学園大(経営)
49,皇学館大(文)
49,皇学館大(現代日本社会)
49,佛教大(仏教)
49,大阪産業大(国際)
49,大阪電気通信大(総合情報-情報)
49,梅花女子大(文化表現)
49,関西福祉科学大(健康福祉)
49,神戸松蔭女子学院大(人間科)
49,神戸親和女子大(文)
49,帝塚山大(法)
49,帝塚山大(経済経営)
49,岡山商科大(経営)
49,くらしき作陽大(食文化)
49,中国学園大(国際教養)
49,中国学園大(子ども)
49,広島文教大(人間科)
49,九州産業大(人間科)
49,九州女子大(人間科)
49,筑紫女学園大(人間科)
49,西九州大(子ども)
49,活水女子大(国際文化)
49,長崎国際大(健康管理)
49,別府大(文)
49,宮崎国際大(教育)
49,沖縄大(健康栄養)
48,札幌大(地域共創学群)
48,札幌学院大(法)
48,北海学園大(経済２)
48,北翔大(生涯スポーツ)
48,仙台大(体育)
48,東北工業大(ライフデザイン-経営コミュニケーション)
48,仙台白百合女子大(人間)
48,尚絅学院大(人文社会学群)
48,東北文教大(人間科)
48,常磐大(総合政策)
48,流通経済大(法)
48,流通経済大(法)
48,日本ウェルネススポーツ大(スポーツプロモーション)
48,作新学院大(人間文化)
48,東京福祉大(社会福祉)
48,東京福祉大(社会福祉)
48,東京福祉大(社会福祉)
48,駿河台大(スポーツ科)
48,聖学院大(人文)
48,聖学院大(心理福祉)
48,聖学院大(政治経済)
48,東京国際大(商)
48,文京学院大(人間)
48,文京学院大(人間)
48,明海大(経済)
48,目白大(社会)
48,十文字学園女子大(社会情報デザイン)
48,千葉経済大(経済)
48,千葉商科大(政策情報)
48,東京成徳大(経営)
48,東洋学園大(グローバル・コミュニケーション)
48,麗澤大(経済)
48,恵泉女学園大(人文)
48,高千穂大(経営)
48,多摩大(グローバルスタディーズ)
48,日本文化大(法)
48,文化学園大(造形)
48,武蔵野音楽大(音楽)
48,東京聖栄大(健康栄養)
48,国際ファッション専門職大(国際ファッション)
48,国際ファッション専門職大(国際ファッション)
48,国際ファッション専門職大(国際ファッション)
48,金沢学院大(人間健康)
48,金城大(社会福祉)
48,山梨学院大(国際リベラルアーツ)
48,聖隷クリストファー大(社会福祉)
48,修文大(健康栄養)
48,京都精華大(人文)
48,京都精華大(マンガ)
48,京都ノートルダム女子大(現代人間)
48,大阪学院大(経営)
48,大阪学院大(国際)
48,大阪樟蔭女子大(学芸)
48,四天王寺大(経営)
48,帝塚山学院大(人間科)
48,梅花女子大(心理こども)
48,関西福祉科学大(心理科)
48,関西福祉科学大(社会福祉)
48,流通科学大(経済)
48,流通科学大(商)
48,流通科学大(人間社会)
48,天理大(文)
48,川崎医療福祉大(医療福祉マネジメント)
48,倉敷芸術科学大(芸術)
48,広島女学院大(人文)
48,広島国際大(健康スポーツ)
48,四国大(生活科)
48,聖カタリナ大(人間健康福祉)
48,九州産業大(経済)
48,久留米大(人間健康)
48,福岡工業大(社会環境)
48,福岡女学院大(人間関係)
48,長崎外国語大(外国語)
48,熊本学園大(外国語)
48,熊本学園大(経済)
48,熊本学園大(社会福祉)
48,崇城大(芸術)
48,鹿児島純心女子大(看護栄養)
48,沖縄国際大(経済)
47,旭川大(保健福祉)
47,札幌学院大(人文)
47,札幌学院大(経済)
47,北海学園大(法２)
47,北海商科大(商)
47,北海道科学大(未来デザイン)
47,北翔大(教育文化)
47,北海道文教大(外国語)
47,札幌大谷大(芸術)
47,石巻専修大(人間)
47,東北生活文化大(家政)
47,東北生活文化大(美術)
47,東北文化学園大(総合政策)
47,ノースアジア大(経済)
47,流通経済大(流通情報)
47,宇都宮共和大(シティライフ)
47,宇都宮共和大(子ども生活)
47,文星芸術大(美術)
47,駿河台大(メディア情報)
47,東京国際大(経済)
47,東京国際大(人間社会)
47,明海大(ホスピタリティ・ツーリズム)
47,武蔵野学院大(国際コミュニケーション)
47,江戸川大(社会)
47,川村学園女子大(文)
47,川村学園女子大(文)
47,川村学園女子大(生活創造)
47,川村学園女子大(生活創造)
47,淑徳大(コミュニティ政策)
47,聖徳大(文)
47,聖徳大(心理・福祉)
47,中央学院大(商)
47,東京情報大(総合情報)
47,東洋学園大(人間科)
47,開智国際大(教育)
47,恵泉女学園大(人間社会)
47,杉野服飾大(服飾)
47,大正大(仏教)
47,高千穂大(商)
47,東京女子体育大(体育)
47,文化学園大(国際文化)
47,和光大(表現)
47,和光大(経済経営)
47,和光大(現代人間)
47,日本映画大(映画)
47,北陸大(経済経営)
47,北陸学院大(人間総合)
47,福井工業大(スポーツ健康科)
47,仁愛大(人間)
47,清泉女学院大(人間)
47,名古屋商科大(国際)
47,日本福祉大(経済)
47,岡崎女子大(子ども教育)
47,京都ノートルダム女子大(国際言語文化)
47,京都華頂大(現代家政)
47,大阪学院大(法)
47,大阪学院大(経済)
47,大阪芸術大(芸術)
47,大阪国際大(経営経済)
47,帝塚山学院大(リベラルアーツ)
47,梅花女子大(食文化)
47,千里金蘭大(生活科)
47,大阪女学院大(国際・英語)
47,大阪青山大(健康科)
47,大手前大(総合文化)
47,大手前大(メディア・芸術)
47,神戸芸術工科大(芸術工)
47,神戸国際大(経済)
47,神戸松蔭女子学院大(文)
47,関西福祉大(社会福祉)
47,関西国際大(国際コミュニケーション)
47,天理大(国際)
47,天理大(人間)
47,山陽学園大(総合人間)
47,中国学園大(現代生活)
47,広島文化学園大(人間健康)
47,広島都市学園大(子ども教育)
47,梅光学院大(子ども)
47,九州共立大(スポーツ)
47,九州産業大(商)
47,九州産業大(地域共創)
47,長崎国際大(人間社会)
47,熊本学園大(商)
47,別府大(国際経営)
47,南九州大(健康栄養)
47,南九州大(人間発達)
47,九州保健福祉大(社会福祉)
47,鹿児島国際大(福祉社会)
47,鹿児島純心女子大(人間教育)
46,弘前学院大(文)
46,弘前学院大(社会福祉)
46,平成国際大(法)
46,埼玉学園大(経済経営)
46,尚美学園大(総合政策)
46,尚美学園大(スポーツマネジメント)
46,尚美学園大(芸術情報)
46,敬愛大(国際)
46,城西国際大(福祉総合)
46,東京成徳大(国際)
46,東洋学園大(現代経営)
46,高千穂大(人間科)
46,東京音楽大(音楽)
46,こども教育宝仙大(こども教育)
46,相模女子大(学芸)
46,相模女子大(人間社会)
46,昭和音楽大(音楽)
46,桐蔭横浜大(法)
46,横浜商科大(商)
46,横浜美術大(美術)
46,北陸大(国際コミュニケーション)
46,岐阜女子大(家政)
46,岐阜聖徳学園大(外国語)
46,愛知みずほ大(人間科)
46,大同大(情報)
46,名古屋芸術大(芸術)
46,名古屋商科大(経済)
46,名古屋柳城女子大(こども)
46,平安女学院大(国際観光)
46,平安女学院大(子ども教育)
46,京都光華女子大(こども教育)
46,花園大(社会福祉)
46,嵯峨美術大(芸術)
46,大阪音楽大(音楽)
46,大阪学院大(外国語)
46,相愛大(人文)
46,大阪観光大(観光)
46,大阪観光大(国際交流)
46,大手前大(現代社会)
46,神戸海星女子学院大(現代人間)
46,神戸女学院大(音楽)
46,園田学園女子大(経営)
46,園田学園女子大(人間教育)
46,兵庫大(現代ビジネス)
46,兵庫大(健康科)
46,武庫川女子大(音楽)
46,関西国際大(教育)
46,関西国際大(人間科)
46,姫路大(教育)
46,奈良大(社会)
46,吉備国際大(心理)
46,吉備国際大(外国語)
46,吉備国際大(社会科)
46,吉備国際大(アニメーション文化)
46,倉敷芸術科学大(危機管理)
46,くらしき作陽大(音楽)
46,比治山大(現代文化)
46,広島経済大(経済)
46,広島経済大(経営)
46,徳島文理大(総合政策)
46,徳島文理大(人間生活)
46,高松大(発達科)
46,九州産業大(芸術)
46,久留米大(法)
46,西南女学院大(人文)
46,福岡女学院大(人文)
46,西九州大(健康福祉)
46,活水女子大(音楽)
46,宮崎国際大(国際教養)
46,宮崎産業経営大(法)
46,宮崎産業経営大(経営)
46,鹿児島国際大(経済)
46,鹿児島国際大(国際文化)
46,沖縄国際大(総合文化)
46,沖縄国際大(産業情報)
45,函館大(商)
45,北海道情報大(情報メディア)
45,札幌大谷大(社会)
45,東北女子大(家政)
45,八戸学院大(地域経営)
45,八戸学院大(健康医療)
45,ノースアジア大(法)
45,郡山女子大(家政-人間生活)
45,福島学院大(福祉)
45,関東学園大(経済)
45,平成国際大(スポーツ健康)
45,浦和大(こども)
45,江戸川大(メディアコミュニケーション)
45,敬愛大(経済)
45,国際武道大(体育)
45,城西国際大(観光)
45,聖徳大(音楽)
45,東京基督教大(神)
45,植草学園大(発達教育)
45,東京純心大(現代文化)
45,洗足学園音楽大(音楽)
45,田園調布学園大(人間科)
45,田園調布学園大(子ども未来)
45,横浜創英大(こども教育)
45,長岡大(経済経営)
45,高岡法科大(法)
45,富山国際大(現代社会)
45,金沢学院大(芸術)
45,山梨英和大(人間文化)
45,中部学院大(教育)
45,中部学院大(スポーツ健康科)
45,静岡産業大(経営)
45,静岡産業大(スポーツ人間科)
45,静岡福祉大(子ども)
45,名古屋音楽大(音楽)
45,名古屋経済大(経済)
45,名古屋商科大(商)
45,名古屋造形大(造形)
45,桜花学園大(学芸)
45,名古屋文理大(情報メディア)
45,愛知東邦大(教育)
45,愛知東邦大(人間健康)
45,鈴鹿大(こども教育)
45,成安造形大(芸術)
45,種智院大(人文)
45,花園大(文)
45,大阪学院大(商)
45,大阪人間科学大(心理)
45,大阪成蹊大(経営)
45,大阪成蹊大(芸術)
45,東大阪大(こども)
45,甲子園大(心理)
45,宝塚大(東京メディア芸術)
45,姫路獨協大(人間社会学群)
45,神戸山手大(現代社会)
45,神戸医療福祉大(社会福祉)
45,高野山大(文)
45,岡山学院大(人間生活)
45,環太平洋大(経営)
45,環太平洋大(次世代教育)
45,環太平洋大(体育)
45,広島経済大(メディアビジネス)
45,福山大(経済)
45,福山大(人間文化)
45,福山平成大(経営)
45,福山平成大(福祉健康)
45,梅光学院大(文)
45,四国大(文)
45,徳島文理大(文)
45,四国学院大(社会)
45,四国学院大(社会福祉)
45,高松大(経営)
45,松山東雲女子大(人文科)
45,筑紫女学園大(文)
45,長崎ウエスレヤン大(現代社会)
45,尚絅大(現代文化)
45,平成音楽大(音楽)
45,日本文理大(経営経済)
45,志学館大(法)
45,志学館大(人間関係)
44,札幌国際大(人文)
44,北海道情報大(経営情報)
44,苫小牧駒澤大(国際文化)
44,青森大(社会)
44,八戸工業大(感性デザイン)
44,富士大(経済)
44,石巻専修大(経営)
44,筑波学院大(経営情報)
44,作新学院大(経営)
44,上武大(ビジネス情報)
44,埼玉工業大(人間社会)
44,東邦音楽大(音楽)
44,東邦音楽大(音楽)
44,明海大(外国語)
44,西武文理大(サービス経営)
44,中央学院大(現代教養)
44,愛国学園大(人間文化)
44,上野学園大(音楽)
44,東京神学大(神)
44,嘉悦大(経営経済)
44,新潟経営大(観光経営)
44,金沢学院大(文)
44,金沢学院大(経済)
44,金沢学院大(経済情報)
44,岐阜女子大(文化創造)
44,中京学院大(経営)
44,中部学院大(人間福祉)
44,静岡福祉大(社会福祉)
44,同朋大(社会福祉)
44,名古屋経済大(経営)
44,名古屋経済大(人間生活科)
44,名古屋商科大(経営)
44,日本福祉大(国際福祉開発)
44,愛知東邦大(経営)
44,びわこ成蹊スポーツ大(スポーツ)
44,びわこ学院大(教育福祉)
44,京都光華女子大(キャリア形成)
44,相愛大(音楽)
44,太成学院大(経営)
44,太成学院大(人間)
44,大阪人間科学大(人間科)
44,羽衣国際大(人間生活)
44,兵庫大(生涯福祉)
44,関西国際大(経営)
44,山陽学園大(地域マネジメント)
44,エリザベト音楽大(音楽)
44,広島文化学園大(学芸)
44,東亜大(人間科)
44,宇部フロンティア大(心理)
44,四国大(経営情報)
44,徳島文理大(音楽)
44,四国学院大(文)
44,九州共立大(経済)
44,九州情報大(経営情報)
44,熊本学園大(社会福祉二)
44,沖縄大(人文)
44,沖縄大(法経)
43,旭川大(経済)
43,札幌学院大(経営)
43,札幌国際大(観光)
43,札幌国際大(スポーツ人間)
43,星槎道都大(経営)
43,星槎道都大(社会福祉)
43,稚内北星学園大(情報メディア)
43,青森大(総合経営)
43,東日本国際大(経済経営)
43,東日本国際大(健康福祉)
43,明海大(不動産)
43,浦和大(総合福祉)
43,清和大(法)
43,東京富士大(経営)
43,新潟経営大(経営情報)
43,岐阜協立大(経済)
43,岐阜聖徳学園大(経済情報)
43,東海学院大(人間関係)
43,東海学院大(健康福祉)
43,静岡英和学院大(人間社会)
43,愛知産業大(経営)
43,同朋大(文)
43,名古屋経済大(法)
43,名古屋産業大(現代ビジネス)
43,鈴鹿大(国際地域)
43,聖泉大(人間)
43,相愛大(人間発達)
43,常磐会学園大(国際こども教育)
43,羽衣国際大(現代社会)
43,東亜大(芸術)
43,徳山大(経済)
43,徳山大(福祉情報)
43,至誠館大(ライフデザイン)
43,九州国際大(法)
43,九州国際大(現代ビジネス)
43,日本経済大(経済)
43,日本経済大(経済)
43,日本経済大(経営)
43,日本経済大(経営)
43,沖縄キリスト教学院大(人文)
42,星槎道都大(美術)
42,聖徳大(児童夜)
42,秀明大(総合経営)
42,秀明大(英語情報マネジメント)
42,秀明大(観光ビジネス)
42,松蔭大(コミュニケーション文化)
42,新潟産業大(経済)
42,朝日大(法)
42,浜松学院大(現代コミュニケーション)
42,愛知文教大(人文)
42,人間環境大(人間環境)
42,星城大(経営)
42,芦屋大(経営教育)
41,松蔭大(経営文化)
41,松蔭大(観光メディア文化)
41,田園調布学園大(人間福祉)
41,敬和学園大(人文)
41,身延山大(仏教)
41,朝日大(経営)
41,岐阜協立大(経営)
41,豊橋創造大(経営)
41,四日市大(総合政策)
41,芦屋大(臨床教育)
75,慶応義塾大(医-医)
75,慶応義塾大(医-医)
74,自治医科大(医-医)
73,順天堂大(医-医)
73,順天堂大(医-医)
73,東京慈恵会医科大(医-医)
73,早稲田大(人間科-人間環境科)
72,東北医科薬科大(医-医)
72,国際医療福祉大(医-医)
72,慶応義塾大(理工)
72,慶応義塾大(環境情報)
72,慶応義塾大(薬)
72,慶応義塾大(薬)
72,昭和大(医-医)
72,東京医科大(医-医)
72,東邦大(医-医)
72,日本大(医-医)
72,日本医科大(医-医)
72,早稲田大(人間科-人間情報科)
72,早稲田大(基幹理工)
72,早稲田大(創造理工)
72,早稲田大(先進理工)
72,愛知医科大(医-医)
72,大阪医科大(医-医)
72,関西医科大(医-医)
72,近畿大(医-医)
72,兵庫医科大(医-医)
72,産業医科大(医-医)
71,岩手医科大(医-医)
71,埼玉医科大(医-医)
71,北里大(医-医)
71,杏林大(医-医)
71,帝京大(医-医)
71,東京女子医科大(医-医)
71,日本獣医生命科学大(獣医)
71,聖マリアンナ医科大(医-医)
71,金沢医科大(医-医)
71,藤田医科大(医-医)
71,久留米大(医-医)
71,福岡大(医-医)
70,酪農学園大(獣医学群)
70,獨協医科大(医-医)
70,北里大(獣医)
70,北里大(獣医)
70,上智大(理工)
70,東海大(医-医)
70,東京理科大(理)
70,東京理科大(工)
70,東京理科大(薬)
70,日本女子大(家政-食物)
70,明治大(農)
70,麻布大(獣医)
70,同志社大(理工)
70,川崎医科大(医-医)
69,慶応義塾大(看護医療)
69,慶応義塾大(看護医療)
69,聖路加国際大(看護)
69,東京理科大(理工)
69,明治大(理工)
69,立教大(理)
69,同志社大(生命医科)
69,甲南女子大(医療栄養)
68,北里大(薬)
68,北里大(薬)
68,中央大(理工)
68,東京農業大(応用生物科)
68,星薬科大(薬)
68,明治大(総合数理)
68,豊田工業大(工)
68,名古屋学芸大(看護)
68,同志社女子大(生活科-食物栄養科)
67,東京歯科大(歯)
67,東京薬科大(薬)
67,東京理科大(基礎工)
67,東京理科大(基礎工)
67,日本赤十字看護大(看護)
67,立命館大(薬)
67,立命館大(生命科)
67,大阪医科大(看護)
67,関西大(総合情報-総合情報)
66,青山学院大(理工)
66,北里大(理)
66,北里大(看護)
66,芝浦工業大(建築)
66,順天堂大(医療看護)
66,昭和大(薬)
66,法政大(デザイン工)
66,武蔵野大(薬)
66,京都薬科大(薬)
66,同志社女子大(看護)
66,福岡大(薬)
65,昭和大(歯)
65,昭和薬科大(薬)
65,東京慈恵会医科大(医-看護)
65,法政大(生命科)
65,名城大(薬)
65,京都橘大(看護)
65,立命館大(理工)
65,立命館大(情報理工)
65,近畿大(建築)
65,近畿大(薬)
65,関西学院大(理工)
64,学習院大(理)
64,芝浦工業大(工)
64,芝浦工業大(工)
64,東海大(医-看護)
64,東京医科大(医-看護)
64,東京農業大(生命科)
64,東邦大(薬)
64,日本女子大(理)
64,法政大(理工)
64,武蔵野大(看護)
64,明治薬科大(薬)
64,愛知医科大(看護)
64,名城大(農)
64,同志社女子大(薬)
64,大阪薬科大(薬)
64,関西大(化学生命工)
64,関西大(環境都市工)
64,近畿大(農)
64,川崎医療福祉大(保健看護)
63,自治医科大(看護)
63,芝浦工業大(システム理工)
63,芝浦工業大(デザイン工)
63,芝浦工業大(デザイン工)
63,東京農業大(農)
63,日本大(薬)
63,法政大(情報科)
63,名城大(理工)
63,日本赤十字豊田看護大(看護)
63,関西大(システム理工)
63,神戸女子大(看護)
63,兵庫医療大(看護)
63,福岡大(医-看護)
62,国際医療福祉大(成田看護)
62,共立女子大(看護)
62,駒沢女子大(看護)
62,成蹊大(理工)
62,玉川大(農)
62,日本大(歯)
62,日本大(生物資源科)
62,日本歯科大(生命歯)
62,武蔵野大(データサイエンス)
62,藤田医科大(保健衛生)
62,佛教大(保健医療技術)
62,関西医科大(看護)
62,摂南大(看護)
62,神戸薬科大(薬)
62,武庫川女子大(看護)
62,広島国際大(看護)
62,産業医科大(産業保健)
61,城西国際大(看護)
61,杏林大(保健)
61,工学院大(建築)
61,東京工科大(医療保健)
61,東京農業大(国際食料情報)
61,東京農業大(地域環境科)
61,東京薬科大(生命科)
61,東邦大(看護)
61,東邦大(健康科)
61,日本大(理工)
61,東京都市大(情報工)
61,武蔵野大(工)
61,岐阜医療科学大(看護)
61,金城学院大(薬)
61,椙山女学園大(看護)
61,中京大(工)
61,名古屋学院大(リハビリテーション)
61,藤田医科大(医療科)
61,京都橘大(健康科)
61,近畿大(理工)
61,四天王寺大(看護)
61,甲南女子大(看護リハビリテーション)
61,関西福祉大(看護)
61,岡山理科大(獣医)
61,川崎医療福祉大(リハビリテーション)
61,広島国際大(総合リハビリテーション)
61,久留米大(医-看護)
60,北海道医療大(医療技術)
60,国際医療福祉大(薬)
60,国際医療福祉大(小田原保健医療)
60,国際医療福祉大(福岡看護)
60,高崎健康福祉大(保健医療)
60,群馬医療福祉大(看護)
60,群馬パース大(保健科)
60,北里大(医療衛生)
60,北里大(海洋生命科)
60,駒澤大(医療健康科)
60,順天堂大(保健看護)
60,順天堂大(保健医療)
60,帝京大(薬)
60,東京工科大(応用生物)
60,東京女子医科大(看護)
60,東邦大(理)
60,東京都市大(建築都市デザイン)
60,東京医療保健大(東が丘・立川看護)
60,東京医療保健大(和歌山看護)
60,東京医療保健大(千葉看護)
60,愛知淑徳大(健康医療科)
60,名古屋女子大(健康科)
60,甲南大(フロンティアサイエンス)
60,兵庫大(看護)
60,広島国際大(保健医療)
59,獨協医科大(看護)
59,高崎健康福祉大(農)
59,群馬医療福祉大(リハビリテーション)
59,工学院大(工)
59,創価大(看護)
59,東京家政大(健康科)
59,東京電機大(未来科)
59,東洋大(生命科)
59,日本大(松戸歯)
59,東京都市大(メディア情報-情報システム)
59,新潟青陵大(看護)
59,岐阜医療科学大(薬)
59,聖隷クリストファー大(看護)
59,愛知学院大(薬)
59,日本福祉大(看護)
59,鈴鹿医療科学大(看護)
59,四日市看護医療大(看護医療)
59,京都産業大(情報理工)
59,大阪歯科大(歯)
59,近畿大(産業理工-建築・デザイン)
59,摂南大(薬)
59,千里金蘭大(看護)
59,大和大(保健医療)
59,武庫川女子大(建築)
59,崇城大(薬)
58,北海道医療大(リハビリテーション科)
58,東北福祉大(健康科)
58,国際医療福祉大(保健医療)
58,明海大(歯)
58,帝京平成大(薬)
58,工学院大(情報)
58,工学院大(先進工)
58,昭和大(保健医療)
58,東京工科大(メディア)
58,東京電機大(工)
58,東京電機大(システムデザイン工)
58,東洋大(食環境科)
58,東京都市大(環境)
58,神奈川大(理)
58,関東学院大(看護)
58,岐阜医療科学大(保健科)
58,愛知工業大(情報科)
58,中部大(生命健康科)
58,南山大(理工)
58,京都産業大(理)
58,京都産業大(生命科)
58,龍谷大(農)
58,近畿大(生物理工)
58,関西医療大(保健看護)
58,兵庫医療大(リハビリテーション)
58,中村学園大(栄養科-フード・マネジメント)
57,日本赤十字北海道看護大(看護)
57,国際医療福祉大(成田保健医療)
57,千葉工業大(情報科)
57,千葉工業大(先進工)
57,帝京平成大(健康メディカル)
57,創価大(理工)
57,帝京大(医療技術)
57,帝京大(医療技術)
57,東海大(生物)
57,東洋大(総合情報-総合情報)
57,東洋大(情報連携-情報連携)
57,金沢医科大(看護)
57,愛知学院大(歯)
57,愛知工業大(工)
57,中部大(応用生物)
57,豊橋創造大(保健医療)
57,龍谷大(先端理工)
57,近畿大(産業理工-生物環境化)
57,甲南大(理工)
57,甲南大(知能情報)
57,神戸学院大(薬)
57,神戸学院大(栄養)
56,千葉工業大(工)
56,千葉工業大(創造工)
56,東京農業大(生物産業)
56,東京理科大(理二)
56,日本獣医生命科学大(応用生命科)
56,東京都市大(理工)
56,横浜薬科大(薬)
56,聖隷クリストファー大(リハビリテーション)
56,大阪工業大(工)
56,近畿大(産業理工-情報)
56,川崎医療福祉大(医療技術)
55,北海道医療大(看護福祉)
55,北海道科学大(保健医療)
55,酪農学園大(農食環境学群)
55,埼玉医科大(保健医療)
55,目白大(看護)
55,日本医療科学大(保健医療)
55,東都大(ヒューマンケア)
55,東都大(幕張ヒューマンケア)
55,国士舘大(理工)
55,東京工科大(工)
55,東京工科大(コンピュータサイエンス)
55,東京電機大(理工)
55,立正大(地球環境科)
55,東京純心大(看護)
55,新潟医療福祉大(看護)
55,金沢工業大(建築)
55,常葉大(健康科)
55,大阪工業大(情報科)
55,大阪工業大(ロボティクス＆デザイン工)
55,近畿大(産業理工-電気電子工)
55,摂南大(理工)
55,摂南大(農)
55,大和大(理工)
55,武庫川女子大(薬)
55,吉備国際大(保健医療福祉)
55,吉備国際大(農)
55,安田女子大(看護)
55,日本赤十字広島看護大(看護)
55,熊本保健科学大(保健科)
54,岩手医科大(看護)
54,日本赤十字秋田看護大(看護)
54,茨城キリスト教大(看護)
54,国際医療福祉大(福岡薬)
54,国際医療福祉大(福岡保健医療)
54,上武大(看護)
54,高崎健康福祉大(薬)
54,文京学院大(保健医療技術)
54,文京学院大(保健医療技術)
54,日本保健医療大(保健医療)
54,帝京平成大(ヒューマンケア)
54,東海大(農)
54,東海大(海洋)
54,東洋大(理工)
54,麻布大(生命・環境科)
54,神奈川大(工)
54,神奈川工科大(応用バイオ科)
54,新潟医療福祉大(医療技術)
54,新潟医療福祉大(リハビリテーション)
54,長岡崇徳大(看護)
54,金沢工業大(バイオ・化)
54,金城大(看護)
54,帝京科学大(生命環境)
54,帝京科学大(生命環境)
54,長野保健医療大(保健科)
54,長野保健医療大(看護)
54,中部大(工)
54,人間環境大(看護)
54,京都看護大(看護)
54,近畿大(工)
54,大手前大(国際看護)
54,関西国際大(保健医療)
54,姫路大(看護)
54,神戸常盤大(保健科)
54,奈良学園大(保健医療)
54,天理医療大(医療)
54,四国大(看護)
54,福岡大(理)
54,福岡大(工)
54,福岡女学院看護大(看護)
53,北海道医療大(薬)
53,北海道千歳リハビリテーション大(健康科)
53,足利大(看護)
53,城西大(薬)
53,西武文理大(看護)
53,帝京平成大(健康医療スポーツ)
53,了徳寺大(健康科)
53,桜美林大(航空・マネジメント学群)
53,東海大(理)
53,日本歯科大(新潟生命歯)
53,金沢工業大(工)
53,清泉女学院大(看護)
53,佐久大(看護)
53,常葉大(保健医療)
53,修文大(看護)
53,修文大(医療科)
53,鈴鹿医療科学大(薬)
53,梅花女子大(看護保健)
53,関西医療大(保健医療)
53,藍野大(医療保健)
53,森ノ宮医療大(保健医療)
53,大阪保健医療大(保健医療)
53,神戸学院大(総合リハビリテーション)
53,福岡看護大(看護)
52,北海道科学大(薬)
52,北海道文教大(人間科)
52,日本医療大(保健医療)
52,岩手医科大(薬)
52,東北医科薬科大(薬)
52,奥羽大(薬)
52,常磐大(看護)
52,明海大(保健医療)
52,目白大(保健医療)
52,秀明大(看護)
52,亀田医療大(看護)
52,玉川大(工)
52,帝京大(福岡医療技術)
52,東海大(情報理工)
52,日本大(工)
52,日本大(生産工)
52,日本体育大(保健医療)
52,東京有明医療大(看護)
52,神奈川工科大(健康医療科)
52,神奈川工科大(医生命科学特別)
52,関東学院大(建築・環境)
52,横浜創英大(看護)
52,湘南医療大(保健医療)
52,湘南鎌倉医療大(看護)
52,福井医療大(保健医療)
52,岐阜聖徳学園大(看護)
52,中部学院大(看護リハビリテーション)
52,日本福祉大(健康科)
52,星城大(リハビリテーション)
52,鈴鹿医療科学大(保健衛生)
52,長浜バイオ大(バイオサイエンス)
52,大阪歯科大(医療保健)
52,神戸国際大(リハビリテーション)
52,姫路獨協大(看護)
52,宝塚医療大(保健医療)
52,九州栄養福祉大(リハビリテーション)
52,日本赤十字九州国際看護大(看護)
52,聖マリア学院大(看護)
52,福岡国際医療福祉大(医療)
52,西九州大(看護)
51,弘前学院大(看護)
51,東北学院大(工)
51,東北工業大(ライフデザイン-産業デザイン)
51,城西大(理)
51,城西大(理)
51,聖徳大(看護)
51,東京情報大(看護)
51,和洋女子大(看護)
51,千葉科学大(看護)
51,東海大(情報通信)
51,神奈川工科大(ＩＣＴスペシャリスト特別)
51,神奈川工科大(次世代自動車開発特別)
51,神奈川工科大(ロボットクリエータ特別)
51,神奈川工科大(機械工学特別)
51,新潟薬科大(薬)
51,新潟薬科大(応用生命科)
51,新潟食料農業大(食料産業)
51,北陸大(薬)
51,北陸大(医療保健)
51,金城大(医療健康)
51,帝京科学大(医療科)
51,帝京科学大(医療科)
51,朝日大(歯)
51,一宮研伸大(看護)
51,京都先端科学大(健康医療)
51,京都医療科学大(医療科)
51,大阪産業大(デザイン工)
51,大阪電気通信大(医療健康科)
51,大阪大谷大(薬)
51,太成学院大(看護)
51,四條畷学園大(リハビリテーション)
51,鳥取看護大(看護)
51,山陽学園大(看護)
51,安田女子大(薬)
51,福岡工業大(情報工)
51,活水女子大(看護)
51,崇城大(生物生命)
51,九州看護福祉大(看護福祉)
50,青森中央学院大(看護)
50,医療創生大(看護)
50,奥羽大(歯)
50,日本工業大(建築)
50,日本薬科大(薬)
50,日本薬科大(薬)
50,千葉科学大(薬)
50,帝京大(理工)
50,明星大(情報)
50,神奈川歯科大(歯)
50,松蔭大(看護)
50,大阪産業大(工)
50,関西福祉科学大(保健医療)
50,大阪物療大(保健医療)
50,宝塚大(看護)
50,関西看護医療大(看護)
50,倉敷芸術科学大(生命科)
50,就実大(薬)
50,広島文化学園大(看護)
50,福山大(薬)
50,徳島文理大(保健福祉)
50,徳島文理大(保健福祉)
50,九州保健福祉大(生命医科)
49,北海道科学大(工)
49,医療創生大(薬)
49,人間総合科学大(人間科-ヘルスフードサイエンス)
49,人間総合科学大(保健医療)
49,東海大(工)
49,東京電機大(工二)
49,神奈川工科大(情報)
49,神奈川工科大(工)
49,新潟リハビリテーション大(医療)
49,福井工業大(環境情報)
49,大同大(工)
49,姫路獨協大(医療保健)
49,兵庫医療大(薬)
49,岡山理科大(生物地球)
49,広島国際大(薬)
49,九州保健福祉大(薬)
48,北海道医療大(歯)
48,弘前医療福祉大(保健)
48,岩手医科大(歯)
48,岩手保健医療大(看護)
48,東北工業大(建築)
48,東北文化学園大(医療福祉)
48,医療創生大(健康医療科)
48,つくば国際大(医療保健)
48,日本工業大(先進工)
48,城西国際大(薬)
48,植草学園大(保健医療)
48,三育学院大(看護)
48,拓殖大(工)
48,明星大(理工)
48,明星大(建築)
48,ヤマザキ動物看護大(動物看護)
48,東京医療学院大(保健医療)
48,神奈川工科大(電気電子特別)
48,鶴見大(歯)
48,桐蔭横浜大(医用工)
48,岐阜協立大(看護)
48,中京学院大(看護)
48,岐阜保健大(看護)
48,人間環境大(松山看護)
48,京都先端科学大(バイオ環境)
48,四條畷学園大(看護)
48,大阪河﨑リハビリテーション大(リハビリテーション)
48,姫路獨協大(薬)
48,岡山理科大(理)
48,広島工業大(環境)
48,広島工業大(生命)
48,宇部フロンティア大(人間健康)
48,徳島文理大(薬)
48,徳島文理大(香川薬)
48,九州産業大(建築都市工)
48,福岡工業大(工)
48,福岡歯科大(口腔歯)
48,純真学園大(保健医療)
48,西九州大(リハビリテーション)
48,別府大(食物栄養科-発酵食品)
48,九州保健福祉大(保健科)
47,石巻専修大(理工)
47,日本工業大(基幹工)
47,福井工業大(工)
47,松本歯科大(歯)
47,聖泉大(看護)
47,京都先端科学大(工)
47,明治国際医療大(看護)
47,大阪電気通信大(工)
47,大阪行岡医療大(医療)
47,岡山理科大(総合情報)
47,広島工業大(情報)
47,広島都市学園大(健康科)
47,松山大(薬)
47,崇城大(工)
46,北海学園大(工)
46,東北工業大(工)
46,ものつくり大(技能工芸)
46,千葉科学大(危機管理)
46,神奈川工科大(創造工)
46,関東学院大(理工)
46,東京工芸大(工)
46,健康科学大(健康科)
46,健康科学大(看護)
46,愛知産業大(造形)
46,鈴鹿医療科学大(医用工)
46,明治国際医療大(保健医療)
46,大阪学院大(情報)
46,大阪電気通信大(情報通信工)
46,大阪人間科学大(保健医療)
46,岡山理科大(工)
46,広島工業大(工)
46,福山大(生命工)
46,福山平成大(看護)
46,高知リハビリテーション専門職大(リハビリテーション)
46,長崎国際大(薬)
46,崇城大(情報)
46,南九州大(環境園芸)
45,青森大(ソフトウェア情報)
45,青森大(薬)
45,足利大(工)
45,新潟工科大(工)
45,甲子園大(栄養-フードデザイン)
45,九州産業大(理工)
45,九州産業大(生命科)
45,第一薬科大(薬)
45,長崎総合科学大(総合情報)
44,北海道情報大(医療情報)
44,東北文化学園大(科学技術)
44,埼玉工業大(工)
44,東京有明医療大(保健医療)
44,湘南工科大(工)
44,久留米工業大(工)
44,長崎総合科学大(工)
44,日本文理大(工)
43,東海大(基盤工)
43,静岡理工科大(理工)
43,四日市大(環境情報)
43,明治国際医療大(鍼灸)
43,東亜大(医療)
43,徳島文理大(理工)
43,西日本工業大(工)
43,西日本工業大(デザイン)
43,第一工業大(航空工)
42,八戸工業大(工)
42,静岡理工科大(情報)
42,愛知工科大(工)
42,福山大(工)
42,第一工業大(工)
73,防衛医科大学校
73,気象大学校
69,防衛大学校
63,海上保安大学校
62,航空保安大学校
62,国立看護大学校
56,水産大学校
47,職業能力開発総合大学校
56,山形県立米沢女子短大
55,近畿大短大部
54,鹿児島県立短大
54,東京家政大短大部
53,静岡県立大短大部
53,札幌大谷大短大部
53,女子栄養大短大部
52,会津大短大部
52,島根県立大短大部
52,武庫川女子大短大部
52,就実短大
52,中村学園大短大部
51,岐阜市立女子短大
51,倉敷市立短大
51,北海道武蔵女子短大
51,白梅学園短大
51,神戸女子短大
51,川崎医療短大
51,安田女子短大
50,盛岡大短大部
50,聖和学園短大
50,仙台青葉学院短大
50,共立女子短大
50,上智大短大部
50,新潟中央短大
50,仁愛女子短大
50,清泉女学院短大
50,愛知江南短大
50,名古屋女子大短大部
49,岩手県立大盛岡短大部
49,大分県立芸術文化短大
49,秋田栄養短大
49,聖園学園短大
49,創価女子短大
49,新渡戸文化短大
49,昭和音楽大短大部
49,新潟青陵大短大部
49,富山短大
49,ユマニテク短大
49,龍谷大短大部
49,関西外国語大短大部
49,聖和短大
48,大月市立大月短大
48,三重短大
48,郡山女子大短大部
48,足利短大
48,高崎商科大短大部
48,千葉敬愛短大
48,鶴見大短大部
48,岐阜聖徳学園大短大部
48,京都文教短大
48,頌栄短大
48,美作大短大部
47,北星学園大短大部
47,青森明の星短大
47,聖霊女子短大
47,桜の聖母短大
47,国学院大栃木短大
47,大妻女子大短大部
47,駒沢女子短大
47,淑徳大短大部
47,目白大短大部
47,金沢学院短大
47,常葉大短大部
47,愛知学泉短大
47,岡崎女子短大
47,名古屋短大
47,高田短大
47,大阪信愛学院短大
47,東大阪大短大部
47,平安女学院大短大部
47,兵庫大短大部
47,和歌山信愛女子短大
47,作陽音楽短大
47,中国短大
47,山陽女子短大
47,山口芸術短大
47,聖カタリナ大短大部
47,松山東雲短大
47,西南女学院大短大部
47,鹿児島純心女子短大
46,岩手県立大宮古短大部
46,光塩学園女子短大
46,八戸学院大短大部
46,羽陽学園短大
46,茨城女子短大
46,常磐短大
46,新島学園短大
46,秋草学園短大
46,東京経営短大
46,鎌倉女子大短大部
46,相模女子大短大部
46,富山福祉短大
46,金城大短大部
46,金沢星稜大女子短大部
46,北陸学院大短大部
46,山梨学院短大
46,飯田女子短大
46,信州豊南短大
46,松本短大
46,大垣女子短大
46,東海学院大短大部
46,浜松学院大短大部
46,至学館大短大部
46,華頂短大
46,京都外国語短大
46,京都経済短大
46,大阪キリスト教短大
46,関西女子短大
46,常磐会短大
46,大阪芸術大短大部
46,大阪芸術大短大部
46,大手前短大
46,奈良佐保短大
46,鳥取短大
46,岡山短大
46,山陽学園短大
46,比治山大短大部
46,宇部フロンティア大短大部
46,高松短大
46,九州産業大造形短大部
46,香蘭女子短大
46,純真短大
46,九州龍谷短大
46,西九州大短大部
46,佐賀女子短大
46,長崎短大
46,別府大短大部
46,宮崎学園短大
45,札幌国際大短大部
45,青森中央短大
45,修紅短大
45,東北生活文化大短大部
45,日本赤十字秋田短大
45,東北文教大短大部
45,つくば国際短大
45,宇都宮短大
45,作新学院大女子短大部
45,佐野日本大短大
45,育英短大
45,桐生大短大部
45,群馬医療福祉大短大部
45,国際学院埼玉短大
45,聖徳大短大部
45,千葉経済大短大部
45,有明教育芸術短大
45,女子美術大短大部
45,帝京短大
45,帝京大短大
45,戸板女子短大
45,東京女子体育短大
45,東京成徳短大
45,桐朋学園芸術短大
45,小田原短大
45,湘北短大
45,洗足こども短大
45,長野女子短大
45,松本大松商短大部
45,中京学院大短大部
45,中部学院大短大部
45,静岡英和学院大短大部
45,修文大短大部
45,名古屋文理大短大部
45,名古屋柳城短大
45,鈴鹿大短大部
45,滋賀短大
45,びわこ学院大短大部
45,京都光華女子大短大部
45,大阪音楽大短大部
45,大阪学院大短大部
45,大阪女学院短大
45,大阪夕陽丘学園短大
45,大阪成蹊短大
45,大阪千代田短大
45,四條畷学園短大
45,四天王寺大短大部
45,園田学園女子大短大部
45,湊川短大
45,広島文化学園短大
45,四国大短大部
45,徳島文理大短大部
45,香川短大
45,九州女子短大
45,久留米信愛短大
45,精華女子短大
45,西日本短大
45,東筑紫短大
45,福岡女学院大短大部
45,福岡女子短大
45,長崎女子短大
45,尚絅大短大部
45,南九州短大
45,第一幼児教育短大
45,沖縄女子短大
44,釧路短大
44,国学院大北海道短大部
44,拓殖大北海道短大
44,函館短大
44,北翔大短大部
44,いわき短大
44,福島学院大短大部
44,明和学園短大
44,上野学園大短大部
44,浦和大短大部
44,川口短大
44,埼玉女子短大
44,城西短大
44,城西短大
44,埼玉東萌短大
44,武蔵丘短大
44,武蔵野短大
44,山村学園短大
44,昭和学院短大
44,清和大短大部
44,千葉明徳短大
44,植草学園短大
44,国際短大
44,実践女子大短大部
44,杉野服飾大短大部
44,星美学園短大
44,貞静学園短大
44,鶴川女子短大
44,東京立正短大
44,東邦音楽短大
44,山野美容芸術短大
44,帝京学園短大
44,上田女子短大
44,佐久大信州短大部
44,正眼短大
44,愛知大短大部
44,愛知文教女子短大
44,豊橋創造大短大部
44,名古屋文化短大
44,滋賀文教短大
44,嵯峨美術短大
44,大阪国際大短大部
44,大阪城南女子短大
44,堺女子短大
44,豊岡短大
44,甲子園短大
44,神戸教育短大
44,奈良芸術短大
44,下関短大
44,今治明徳短大
44,九州大谷短大
44,近畿大九州短大
44,福岡こども短大
44,別府溝部学園短大
44,鹿児島女子短大
44,沖縄キリスト教短大
43,旭川大短大部
43,帯広大谷短大
43,札幌大女子短大部
43,函館大谷短大
43,東北女子短大
43,宮城誠真短大
43,宇都宮文星短大
43,東京福祉大短大部
43,埼玉純真短大
43,和泉短大
43,横浜女子短大
43,名古屋経営短大
43,京都西山短大
43,大阪健康福祉短大
43,大阪健康福祉短大
43,姫路日ノ本短大
43,岩国短大
43,山口短大
43,松山短大
43,福岡医療短大
43,中九州短大
43,東九州短大
42,愛国学園短大
42,東京交通短大
42,文化学園大短大部
42,愛知みずほ短大
42,池坊短大
42,折尾愛真短大
58,東京歯科大短大
57,川崎市立看護短大
53,日本歯科大東京短大
52,愛知学院大短大部
51,仙台赤門短大
51,埼玉医科大短大
51,神戸常盤大短大部
50,藍野大短大部
48,日本歯科大新潟短大
48,平成医療短大
48,白鳳短大
47,神奈川歯科大短大部
47,愛知医療学院短大
46,弘前医療福祉大短大部
46,岐阜保健大短大部
46,高知学園短大
45,ヤマザキ動物看護専門職短大
45,日本大短大部
45,日本大短大部
45,日本大短大部
44,明倫短大
43,東洋食品工業短大
42,福岡工業大短大部
42,大分短大
40,中日本自動車短大
40,産業技術短大
